{"cameraMode":{"drawMode":0,"name":"Shaded","section":"Shading Mode"},"sceneLighting":false,"audioPlay":false,"sceneViewState":{"showFog":true,"showMaterialUpdate":false,"showSkybox":false,"showFlares":true,"showImageEffects":true,"showParticleSystems":true},"in2DMode":false,"pivot":{"x":1.5180447101593018,"y":0.6115113496780396,"z":81.95077514648438},"rotation":{"x":-0.11206775158643723,"y":0.8744509816169739,"z":-0.24172893166542054,"w":-0.40539294481277468},"size":72.3887939453125,"orthographic":false}