{"cameraMode":{"drawMode":0,"name":"Shaded","section":"Shading Mode"},"sceneLighting":true,"audioPlay":false,"sceneViewState":{"showFog":true,"showMaterialUpdate":false,"showSkybox":true,"showFlares":true,"showImageEffects":true,"showParticleSystems":true},"in2DMode":false,"pivot":{"x":0.4411354064941406,"y":0.5,"z":172.35299682617188},"rotation":{"x":-0.1373794823884964,"y":0.549507737159729,"z":-0.09217832237482071,"w":-0.8189452886581421},"size":233.35116577148438,"orthographic":false}